{
  "0": {
    "precision": 0.28061224489795916,
    "recall": 0.38461538461538464,
    "f1-score": 0.32448377581120946,
    "support": 143.0
  },
  "1": {
    "precision": 0.3220338983050847,
    "recall": 0.25675675675675674,
    "f1-score": 0.2857142857142857,
    "support": 148.0
  },
  "2": {
    "precision": 0.22962962962962963,
    "recall": 0.20261437908496732,
    "f1-score": 0.2152777777777778,
    "support": 153.0
  },
  "3": {
    "precision": 0.325,
    "recall": 0.33121019108280253,
    "f1-score": 0.3280757097791798,
    "support": 157.0
  },
  "4": {
    "precision": 0.45098039215686275,
    "recall": 0.30363036303630364,
    "f1-score": 0.3629191321499014,
    "support": 303.0
  },
  "5": {
    "precision": 0.5693251533742332,
    "recall": 0.64,
    "f1-score": 0.6025974025974026,
    "support": 725.0
  },
  "6": {
    "precision": 0.0,
    "recall": 0.0,
    "f1-score": 0.0,
    "support": 38.0
  },
  "7": {
    "precision": 0.0,
    "recall": 0.0,
    "f1-score": 0.0,
    "support": 32.0
  },
  "8": {
    "precision": 0.39416058394160586,
    "recall": 0.4576271186440678,
    "f1-score": 0.4235294117647059,
    "support": 236.0
  },
  "9": {
    "precision": 0.6775956284153005,
    "recall": 0.6985915492957746,
    "f1-score": 0.6879334257975035,
    "support": 1065.0
  },
  "accuracy": 0.528,
  "macro avg": {
    "precision": 0.32493375307206757,
    "recall": 0.32750457425160573,
    "f1-score": 0.32305309213919664,
    "support": 3000.0
  },
  "weighted avg": {
    "precision": 0.5126719794650855,
    "recall": 0.528,
    "f1-score": 0.5175273114124659,
    "support": 3000.0
  }
}